0000001|Nikola|Aleksic|Kovacevac BB|Kovacevac|011/821-3992|nikola.aleksic@gmail.com
0000002|Bogdan|Bogdanovic|Lipovacki put 12|Barajevo|011/787-5021|bogdan.bogdanovic@gmail.com
0000003|Luka|Colovic|Losinjska 2 prilaz 4g|Beograd|011/342-2762|luka.colovic@gmail.com
0000004|Filip|Davidovic|Ljube Davidovica 124a|Mladenovac (varos)|011/823-6253|filip.davidovic@gmail.com
0000005|Dusan|Flogic|Mirijevski Bulevar 18|Beograd|011/278-2911|dusan.flogic@gmail.com
0000006|Viktor|Glodjovic|Vojislava Ilica 121|Beograd|011/283-0200|viktor.glodjovic@gmail.com
0000007|Mateja|Sajc|Steve Todorovica 35|Jakovo|011/355-2042|mateja.sajc@gmail.com
0000008|Dragutin|Ilic|Brace Savica 1|Skela|011/848-6819|dragutin.ilic@gmail.com
0000009|Marko|Jojic|Pasica 17|Dren|011/654-8452|marko.jojic@gmail.com
0000010|Stefan|Koprivica|Koste Nadja9|Beograd|011/343-0024|stefan.koprivica@gmail.com